{"openapi":"3.1.0","info":{"title":"Your API","description":"Your API Description","version":"1.0.0"},"paths":{"/":{"get":{"summary":"Root","operationId":"root__get","responses":{"200":{"description":"Successful Response","content":{"application/json":{"schema":{}}}}}}},"/health":{"get":{"summary":"Health Check","operationId":"health_check_health_get","responses":{"200":{"description":"Successful Response","content":{"application/json":{"schema":{}}}}}}},"/api/v1/auth/github/callback":{"post":{"tags":["Authentication"],"summary":"GitHub OAuth Callback","description":"Handle GitHub OAuth callback and return access token","operationId":"github_callback_api_v1_auth_github_callback_post","requestBody":{"content":{"application/json":{"schema":{"$ref":"#/components/schemas/AuthRequest"}}},"required":true},"responses":{"200":{"description":"Successful Response","content":{"application/json":{"schema":{"$ref":"#/components/schemas/AuthResponse"}}}},"401":{"description":"Unauthorized"},"422":{"description":"Validation Error","content":{"application/json":{"schema":{"$ref":"#/components/schemas/HTTPValidationError"}}}}}}},"/api/v1/auth/facebook/callback":{"post":{"tags":["Authentication"],"summary":"Facebook OAuth Callback","description":"Handle Facebook OAuth callback and return access token","operationId":"facebook_callback_api_v1_auth_facebook_callback_post","requestBody":{"content":{"application/json":{"schema":{"$ref":"#/components/schemas/AuthRequest"}}},"required":true},"responses":{"200":{"description":"Successful Response","content":{"application/json":{"schema":{"$ref":"#/components/schemas/AuthResponse"}}}},"401":{"description":"Unauthorized"},"422":{"description":"Validation Error","content":{"application/json":{"schema":{"$ref":"#/components/schemas/HTTPValidationError"}}}}}}},"/api/v1/auth/google/callback":{"post":{"tags":["Authentication"],"summary":"Google OAuth Callback","description":"Handle Google OAuth callback and return access token","operationId":"google_callback_api_v1_auth_google_callback_post","requestBody":{"content":{"application/json":{"schema":{"$ref":"#/components/schemas/GoogleAuthRequest"}}},"required":true},"responses":{"200":{"description":"Successful Response","content":{"application/json":{"schema":{"$ref":"#/components/schemas/AuthResponse"}}}},"401":{"description":"Unauthorized"},"422":{"description":"Validation Error","content":{"application/json":{"schema":{"$ref":"#/components/schemas/HTTPValidationError"}}}}}}},"/api/v1/auth/verify":{"get":{"tags":["Authentication"],"summary":"Verify Token","description":"Verify if the provided token is valid","operationId":"verify_token_api_v1_auth_verify_get","responses":{"200":{"description":"Successful Response","content":{"application/json":{"schema":{}}}},"401":{"description":"Unauthorized"}},"security":[{"OAuth2PasswordBearer":[]}]}},"/api/v1/auth/user":{"get":{"tags":["Authentication"],"summary":"Get User Info","description":"Get current user information","operationId":"get_user_info_api_v1_auth_user_get","responses":{"200":{"description":"Successful Response","content":{"application/json":{"schema":{}}}},"401":{"description":"Unauthorized"}},"security":[{"OAuth2PasswordBearer":[]}]}},"/api/v1/auth/logout":{"post":{"tags":["Authentication"],"summary":"Logout","description":"Logout the current user","operationId":"logout_api_v1_auth_logout_post","responses":{"200":{"description":"Successful Response","content":{"application/json":{"schema":{}}}},"401":{"description":"Unauthorized"}},"security":[{"OAuth2PasswordBearer":[]}]}},"/api/v1/auth/register":{"post":{"tags":["Authentication"],"summary":"Register With Email","description":"Register a new user with email and password","operationId":"register_with_email_api_v1_auth_register_post","requestBody":{"content":{"application/json":{"schema":{"$ref":"#/components/schemas/EmailRegisterRequest"}}},"required":true},"responses":{"200":{"description":"Successful Response","content":{"application/json":{"schema":{"$ref":"#/components/schemas/AuthResponse"}}}},"401":{"description":"Unauthorized"},"422":{"description":"Validation Error","content":{"application/json":{"schema":{"$ref":"#/components/schemas/HTTPValidationError"}}}}}}},"/api/v1/auth/login":{"post":{"tags":["Authentication"],"summary":"Login With Email","description":"Login with email and password","operationId":"login_with_email_api_v1_auth_login_post","requestBody":{"content":{"application/json":{"schema":{"$ref":"#/components/schemas/EmailAuthRequest"}}},"required":true},"responses":{"200":{"description":"Successful Response","content":{"application/json":{"schema":{"$ref":"#/components/schemas/AuthResponse"}}}},"401":{"description":"Unauthorized"},"422":{"description":"Validation Error","content":{"application/json":{"schema":{"$ref":"#/components/schemas/HTTPValidationError"}}}}}}},"/api/v1/countries/":{"get":{"tags":["Countries"],"summary":"Get all countries","description":"Fetches a list of all countries.","operationId":"get_all_countries_api_v1_countries__get","responses":{"200":{"description":"Successful Response","content":{"application/json":{"schema":{"items":{"$ref":"#/components/schemas/CountryRead"},"type":"array","title":"Response Get All Countries Api V1 Countries  Get"}}}}}},"post":{"tags":["Countries"],"summary":"Create a new country","description":"Adds a new country to the database.","operationId":"add_country_api_v1_countries__post","requestBody":{"content":{"application/json":{"schema":{"$ref":"#/components/schemas/CountryCreate"}}},"required":true},"responses":{"200":{"description":"Successful Response","content":{"application/json":{"schema":{"$ref":"#/components/schemas/CountryRead"}}}},"422":{"description":"Validation Error","content":{"application/json":{"schema":{"$ref":"#/components/schemas/HTTPValidationError"}}}}}}},"/api/v1/countries/{country_id}":{"get":{"tags":["Countries"],"summary":"Get country details by ID","description":"Fetches the details of a country by its ID.","operationId":"get_country_api_v1_countries__country_id__get","parameters":[{"name":"country_id","in":"path","required":true,"schema":{"type":"integer","title":"Country Id"}}],"responses":{"200":{"description":"Successful Response","content":{"application/json":{"schema":{"$ref":"#/components/schemas/CountryRead"}}}},"422":{"description":"Validation Error","content":{"application/json":{"schema":{"$ref":"#/components/schemas/HTTPValidationError"}}}}}},"put":{"tags":["Countries"],"summary":"Update a country","description":"Updates an existing country's details.","operationId":"modify_country_api_v1_countries__country_id__put","parameters":[{"name":"country_id","in":"path","required":true,"schema":{"type":"integer","title":"Country Id"}}],"requestBody":{"required":true,"content":{"application/json":{"schema":{"$ref":"#/components/schemas/CountryUpdate"}}}},"responses":{"200":{"description":"Successful Response","content":{"application/json":{"schema":{"$ref":"#/components/schemas/CountryRead"}}}},"422":{"description":"Validation Error","content":{"application/json":{"schema":{"$ref":"#/components/schemas/HTTPValidationError"}}}}}},"delete":{"tags":["Countries"],"summary":"Delete a country","description":"Removes a country from the database.","operationId":"remove_country_api_v1_countries__country_id__delete","parameters":[{"name":"country_id","in":"path","required":true,"schema":{"type":"integer","title":"Country Id"}}],"responses":{"200":{"description":"Successful Response","content":{"application/json":{"schema":{}}}},"422":{"description":"Validation Error","content":{"application/json":{"schema":{"$ref":"#/components/schemas/HTTPValidationError"}}}}}}},"/api/v1/countries/name/{country_name}":{"get":{"tags":["Countries"],"summary":"Get country by name","description":"Fetches the details of a country by its exact name.","operationId":"get_country_by_name_api_v1_countries_name__country_name__get","parameters":[{"name":"country_name","in":"path","required":true,"schema":{"type":"string","title":"Country Name"}}],"responses":{"200":{"description":"Successful Response","content":{"application/json":{"schema":{"$ref":"#/components/schemas/CountryRead"}}}},"422":{"description":"Validation Error","content":{"application/json":{"schema":{"$ref":"#/components/schemas/HTTPValidationError"}}}}}}},"/api/v1/countries/search/":{"get":{"tags":["Countries"],"summary":"Search countries by name pattern","description":"Searches for countries with names matching a given pattern.","operationId":"search_countries_api_v1_countries_search__get","parameters":[{"name":"query","in":"query","required":false,"schema":{"anyOf":[{"type":"string"},{"type":"null"}],"title":"Query"}},{"name":"starts_with","in":"query","required":false,"schema":{"anyOf":[{"type":"string"},{"type":"null"}],"title":"Starts With"}},{"name":"ends_with","in":"query","required":false,"schema":{"anyOf":[{"type":"string"},{"type":"null"}],"title":"Ends With"}}],"responses":{"200":{"description":"Successful Response","content":{"application/json":{"schema":{"type":"array","items":{"$ref":"#/components/schemas/CountryRead"},"title":"Response Search Countries Api V1 Countries Search  Get"}}}},"422":{"description":"Validation Error","content":{"application/json":{"schema":{"$ref":"#/components/schemas/HTTPValidationError"}}}}}}},"/api/v1/currencies/":{"get":{"tags":["Currencies"],"summary":"Get all currencies","description":"Fetches a list of all currencies.","operationId":"get_all_currencies_api_v1_currencies__get","responses":{"200":{"description":"Successful Response","content":{"application/json":{"schema":{"items":{"$ref":"#/components/schemas/CurrencyRead"},"type":"array","title":"Response Get All Currencies Api V1 Currencies  Get"}}}}}},"post":{"tags":["Currencies"],"summary":"Create a new currency","description":"Adds a new currency to the database.","operationId":"add_currency_api_v1_currencies__post","requestBody":{"content":{"application/json":{"schema":{"$ref":"#/components/schemas/CurrencyCreate"}}},"required":true},"responses":{"200":{"description":"Successful Response","content":{"application/json":{"schema":{"$ref":"#/components/schemas/CurrencyRead"}}}},"422":{"description":"Validation Error","content":{"application/json":{"schema":{"$ref":"#/components/schemas/HTTPValidationError"}}}}}}},"/api/v1/currencies/{currency_id}":{"get":{"tags":["Currencies"],"summary":"Get currency details by ID","description":"Fetches the details of a currency by its ID.","operationId":"get_currency_api_v1_currencies__currency_id__get","parameters":[{"name":"currency_id","in":"path","required":true,"schema":{"type":"integer","title":"Currency Id"}}],"responses":{"200":{"description":"Successful Response","content":{"application/json":{"schema":{"$ref":"#/components/schemas/CurrencyRead"}}}},"422":{"description":"Validation Error","content":{"application/json":{"schema":{"$ref":"#/components/schemas/HTTPValidationError"}}}}}},"put":{"tags":["Currencies"],"summary":"Update currency details","description":"Updates an existing currency's details.","operationId":"modify_currency_api_v1_currencies__currency_id__put","parameters":[{"name":"currency_id","in":"path","required":true,"schema":{"type":"integer","title":"Currency Id"}}],"requestBody":{"required":true,"content":{"application/json":{"schema":{"$ref":"#/components/schemas/CurrencyUpdate"}}}},"responses":{"200":{"description":"Successful Response","content":{"application/json":{"schema":{"$ref":"#/components/schemas/CurrencyRead"}}}},"422":{"description":"Validation Error","content":{"application/json":{"schema":{"$ref":"#/components/schemas/HTTPValidationError"}}}}}},"delete":{"tags":["Currencies"],"summary":"Delete a currency","description":"Removes a currency from the database.","operationId":"remove_currency_api_v1_currencies__currency_id__delete","parameters":[{"name":"currency_id","in":"path","required":true,"schema":{"type":"integer","title":"Currency Id"}}],"responses":{"200":{"description":"Successful Response","content":{"application/json":{"schema":{}}}},"422":{"description":"Validation Error","content":{"application/json":{"schema":{"$ref":"#/components/schemas/HTTPValidationError"}}}}}}},"/api/v1/courses/":{"get":{"tags":["Courses"],"summary":"Get All Courses","operationId":"get_all_courses_api_v1_courses__get","responses":{"200":{"description":"Successful Response","content":{"application/json":{"schema":{"items":{"$ref":"#/components/schemas/CourseRead"},"type":"array","title":"Response Get All Courses Api V1 Courses  Get"}}}}}},"post":{"tags":["Courses"],"summary":"Create Course","operationId":"create_course_api_v1_courses__post","requestBody":{"content":{"application/json":{"schema":{"$ref":"#/components/schemas/CourseCreate"}}},"required":true},"responses":{"200":{"description":"Successful Response","content":{"application/json":{"schema":{"$ref":"#/components/schemas/CourseRead"}}}},"422":{"description":"Validation Error","content":{"application/json":{"schema":{"$ref":"#/components/schemas/HTTPValidationError"}}}}}}},"/api/v1/courses/filter":{"get":{"tags":["Courses"],"summary":"Get Courses","description":"Get all courses or filter them by optional query parameters.\nExamples:\n  - GET /courses (no filters => returns all courses)\n  - GET /courses?category_id=2\n  - GET /courses?language_id=3&active=true\n  - GET /courses?min_price=0&max_price=100\n  - GET /courses?min_ratings=4\n  - GET /courses?subcategory_id=5&course_type_id=1","operationId":"get_courses_api_v1_courses_filter_get","parameters":[{"name":"category_id","in":"query","required":false,"schema":{"anyOf":[{"type":"integer"},{"type":"null"}],"title":"Category Id"}},{"name":"subcategory_id","in":"query","required":false,"schema":{"anyOf":[{"type":"integer"},{"type":"null"}],"title":"Subcategory Id"}},{"name":"course_type_id","in":"query","required":false,"schema":{"anyOf":[{"type":"integer"},{"type":"null"}],"title":"Course Type Id"}},{"name":"sells_type_id","in":"query","required":false,"schema":{"anyOf":[{"type":"integer"},{"type":"null"}],"title":"Sells Type Id"}},{"name":"language_id","in":"query","required":false,"schema":{"anyOf":[{"type":"integer"},{"type":"null"}],"title":"Language Id"}},{"name":"mentor_id","in":"query","required":false,"schema":{"anyOf":[{"type":"integer"},{"type":"null"}],"title":"Mentor Id"}},{"name":"is_flagship","in":"query","required":false,"schema":{"anyOf":[{"type":"boolean"},{"type":"null"}],"title":"Is Flagship"}},{"name":"active","in":"query","required":false,"schema":{"anyOf":[{"type":"boolean"},{"type":"null"}],"title":"Active"}},{"name":"min_price","in":"query","required":false,"schema":{"anyOf":[{"type":"number"},{"type":"null"}],"title":"Min Price"}},{"name":"max_price","in":"query","required":false,"schema":{"anyOf":[{"type":"number"},{"type":"null"}],"title":"Max Price"}},{"name":"min_ratings","in":"query","required":false,"schema":{"anyOf":[{"type":"number"},{"type":"null"}],"title":"Min Ratings"}},{"name":"max_ratings","in":"query","required":false,"schema":{"anyOf":[{"type":"number"},{"type":"null"}],"title":"Max Ratings"}}],"responses":{"200":{"description":"Successful Response","content":{"application/json":{"schema":{"type":"array","items":{"$ref":"#/components/schemas/CourseRead"},"title":"Response Get Courses Api V1 Courses Filter Get"}}}},"422":{"description":"Validation Error","content":{"application/json":{"schema":{"$ref":"#/components/schemas/HTTPValidationError"}}}}}}},"/api/v1/courses/{course_id}":{"get":{"tags":["Courses"],"summary":"Get Course","operationId":"get_course_api_v1_courses__course_id__get","parameters":[{"name":"course_id","in":"path","required":true,"schema":{"type":"integer","title":"Course Id"}}],"responses":{"200":{"description":"Successful Response","content":{"application/json":{"schema":{"$ref":"#/components/schemas/CourseRead"}}}},"422":{"description":"Validation Error","content":{"application/json":{"schema":{"$ref":"#/components/schemas/HTTPValidationError"}}}}}},"put":{"tags":["Courses"],"summary":"Update Course","operationId":"update_course_api_v1_courses__course_id__put","parameters":[{"name":"course_id","in":"path","required":true,"schema":{"type":"integer","title":"Course Id"}}],"requestBody":{"required":true,"content":{"application/json":{"schema":{"$ref":"#/components/schemas/CourseUpdate"}}}},"responses":{"200":{"description":"Successful Response","content":{"application/json":{"schema":{"$ref":"#/components/schemas/CourseRead"}}}},"422":{"description":"Validation Error","content":{"application/json":{"schema":{"$ref":"#/components/schemas/HTTPValidationError"}}}}}},"delete":{"tags":["Courses"],"summary":"Delete Course","operationId":"delete_course_api_v1_courses__course_id__delete","parameters":[{"name":"course_id","in":"path","required":true,"schema":{"type":"integer","title":"Course Id"}}],"responses":{"200":{"description":"Successful Response","content":{"application/json":{"schema":{"type":"object","title":"Response Delete Course Api V1 Courses  Course Id  Delete"}}}},"422":{"description":"Validation Error","content":{"application/json":{"schema":{"$ref":"#/components/schemas/HTTPValidationError"}}}}}}},"/api/v1/coursecategories/":{"get":{"tags":["Course Categories"],"summary":"Read All Coursecategories","operationId":"read_all_coursecategories_api_v1_coursecategories__get","responses":{"200":{"description":"Successful Response","content":{"application/json":{"schema":{"items":{"$ref":"#/components/schemas/CourseCategoryRead"},"type":"array","title":"Response Read All Coursecategories Api V1 Coursecategories  Get"}}}}}},"post":{"tags":["Course Categories"],"summary":"Create Coursecategory","operationId":"create_coursecategory_api_v1_coursecategories__post","requestBody":{"content":{"application/json":{"schema":{"$ref":"#/components/schemas/CourseCategoryCreate"}}},"required":true},"responses":{"201":{"description":"Successful Response","content":{"application/json":{"schema":{"$ref":"#/components/schemas/CourseCategoryRead"}}}},"422":{"description":"Validation Error","content":{"application/json":{"schema":{"$ref":"#/components/schemas/HTTPValidationError"}}}}}}},"/api/v1/coursecategories/{category_id}":{"get":{"tags":["Course Categories"],"summary":"Read Coursecategory","operationId":"read_coursecategory_api_v1_coursecategories__category_id__get","parameters":[{"name":"category_id","in":"path","required":true,"schema":{"type":"integer","title":"Category Id"}}],"responses":{"200":{"description":"Successful Response","content":{"application/json":{"schema":{"$ref":"#/components/schemas/CourseCategoryRead"}}}},"422":{"description":"Validation Error","content":{"application/json":{"schema":{"$ref":"#/components/schemas/HTTPValidationError"}}}}}},"put":{"tags":["Course Categories"],"summary":"Update Coursecategory","operationId":"update_coursecategory_api_v1_coursecategories__category_id__put","parameters":[{"name":"category_id","in":"path","required":true,"schema":{"type":"integer","title":"Category Id"}}],"requestBody":{"required":true,"content":{"application/json":{"schema":{"$ref":"#/components/schemas/CourseCategoryUpdate"}}}},"responses":{"200":{"description":"Successful Response","content":{"application/json":{"schema":{"$ref":"#/components/schemas/CourseCategoryRead"}}}},"422":{"description":"Validation Error","content":{"application/json":{"schema":{"$ref":"#/components/schemas/HTTPValidationError"}}}}}},"delete":{"tags":["Course Categories"],"summary":"Delete Coursecategory","operationId":"delete_coursecategory_api_v1_coursecategories__category_id__delete","parameters":[{"name":"category_id","in":"path","required":true,"schema":{"type":"integer","title":"Category Id"}}],"responses":{"204":{"description":"Successful Response"},"422":{"description":"Validation Error","content":{"application/json":{"schema":{"$ref":"#/components/schemas/HTTPValidationError"}}}}}}},"/api/v1/coursesubcategories/":{"get":{"tags":["Course Subcategories"],"summary":"Get all course subcategories","operationId":"read_coursesubcategories_api_v1_coursesubcategories__get","responses":{"200":{"description":"Successful Response","content":{"application/json":{"schema":{"items":{"$ref":"#/components/schemas/CourseSubcategoryInDB"},"type":"array","title":"Response Read Coursesubcategories Api V1 Coursesubcategories  Get"}}}}}},"post":{"tags":["Course Subcategories"],"summary":"Create a new course subcategory","operationId":"create_coursesubcategory_api_v1_coursesubcategories__post","requestBody":{"content":{"application/json":{"schema":{"$ref":"#/components/schemas/CourseSubcategoryCreate"}}},"required":true},"responses":{"200":{"description":"Successful Response","content":{"application/json":{"schema":{"$ref":"#/components/schemas/CourseSubcategoryInDB"}}}},"422":{"description":"Validation Error","content":{"application/json":{"schema":{"$ref":"#/components/schemas/HTTPValidationError"}}}}}}},"/api/v1/coursesubcategories/{coursesubcategory_id}":{"get":{"tags":["Course Subcategories"],"summary":"Get a course subcategory by ID","operationId":"read_coursesubcategory_api_v1_coursesubcategories__coursesubcategory_id__get","parameters":[{"name":"coursesubcategory_id","in":"path","required":true,"schema":{"type":"integer","title":"Coursesubcategory Id"}}],"responses":{"200":{"description":"Successful Response","content":{"application/json":{"schema":{"$ref":"#/components/schemas/CourseSubcategoryInDB"}}}},"422":{"description":"Validation Error","content":{"application/json":{"schema":{"$ref":"#/components/schemas/HTTPValidationError"}}}}}},"put":{"tags":["Course Subcategories"],"summary":"Update a course subcategory","operationId":"update_coursesubcategory_api_v1_coursesubcategories__coursesubcategory_id__put","parameters":[{"name":"coursesubcategory_id","in":"path","required":true,"schema":{"type":"integer","title":"Coursesubcategory Id"}}],"requestBody":{"required":true,"content":{"application/json":{"schema":{"$ref":"#/components/schemas/CourseSubcategoryUpdate"}}}},"responses":{"200":{"description":"Successful Response","content":{"application/json":{"schema":{"$ref":"#/components/schemas/CourseSubcategoryInDB"}}}},"422":{"description":"Validation Error","content":{"application/json":{"schema":{"$ref":"#/components/schemas/HTTPValidationError"}}}}}},"delete":{"tags":["Course Subcategories"],"summary":"Delete a course subcategory","operationId":"delete_coursesubcategory_api_v1_coursesubcategories__coursesubcategory_id__delete","parameters":[{"name":"coursesubcategory_id","in":"path","required":true,"schema":{"type":"integer","title":"Coursesubcategory Id"}}],"responses":{"200":{"description":"Successful Response","content":{"application/json":{"schema":{"$ref":"#/components/schemas/CourseSubcategoryInDB"}}}},"422":{"description":"Validation Error","content":{"application/json":{"schema":{"$ref":"#/components/schemas/HTTPValidationError"}}}}}}},"/api/v1/job-roles/":{"get":{"tags":["Job Roles"],"summary":"Get all job roles","operationId":"read_job_roles_api_v1_job_roles__get","responses":{"200":{"description":"Successful Response","content":{"application/json":{"schema":{"items":{"$ref":"#/components/schemas/JobRoleInDB"},"type":"array","title":"Response Read Job Roles Api V1 Job Roles  Get"}}}}}},"post":{"tags":["Job Roles"],"summary":"Create a new job role","operationId":"create_job_role_api_v1_job_roles__post","requestBody":{"content":{"application/json":{"schema":{"$ref":"#/components/schemas/JobRoleCreate"}}},"required":true},"responses":{"200":{"description":"Successful Response","content":{"application/json":{"schema":{"$ref":"#/components/schemas/JobRoleInDB"}}}},"422":{"description":"Validation Error","content":{"application/json":{"schema":{"$ref":"#/components/schemas/HTTPValidationError"}}}}}}},"/api/v1/job-roles/{job_role_id}":{"get":{"tags":["Job Roles"],"summary":"Get a job role by ID","operationId":"read_job_role_api_v1_job_roles__job_role_id__get","parameters":[{"name":"job_role_id","in":"path","required":true,"schema":{"type":"integer","title":"Job Role Id"}}],"responses":{"200":{"description":"Successful Response","content":{"application/json":{"schema":{"$ref":"#/components/schemas/JobRoleInDB"}}}},"422":{"description":"Validation Error","content":{"application/json":{"schema":{"$ref":"#/components/schemas/HTTPValidationError"}}}}}},"put":{"tags":["Job Roles"],"summary":"Update a job role","operationId":"update_job_role_api_v1_job_roles__job_role_id__put","parameters":[{"name":"job_role_id","in":"path","required":true,"schema":{"type":"integer","title":"Job Role Id"}}],"requestBody":{"required":true,"content":{"application/json":{"schema":{"$ref":"#/components/schemas/JobRoleUpdate"}}}},"responses":{"200":{"description":"Successful Response","content":{"application/json":{"schema":{"$ref":"#/components/schemas/JobRoleInDB"}}}},"422":{"description":"Validation Error","content":{"application/json":{"schema":{"$ref":"#/components/schemas/HTTPValidationError"}}}}}},"delete":{"tags":["Job Roles"],"summary":"Delete a job role","operationId":"delete_job_role_api_v1_job_roles__job_role_id__delete","parameters":[{"name":"job_role_id","in":"path","required":true,"schema":{"type":"integer","title":"Job Role Id"}}],"responses":{"200":{"description":"Successful Response","content":{"application/json":{"schema":{"$ref":"#/components/schemas/JobRoleInDB"}}}},"422":{"description":"Validation Error","content":{"application/json":{"schema":{"$ref":"#/components/schemas/HTTPValidationError"}}}}}}},"/api/v1/mentors/":{"get":{"tags":["Mentors"],"summary":"Get All Mentors","operationId":"get_all_mentors_api_v1_mentors__get","responses":{"200":{"description":"Successful Response","content":{"application/json":{"schema":{"anyOf":[{"items":{"$ref":"#/components/schemas/Mentor"},"type":"array"},{"type":"string"}],"title":"Response Get All Mentors Api V1 Mentors  Get"}}}}}},"post":{"tags":["Mentors"],"summary":"Create Mentor","operationId":"create_mentor_api_v1_mentors__post","requestBody":{"content":{"application/json":{"schema":{"$ref":"#/components/schemas/MentorCreate"}}},"required":true},"responses":{"200":{"description":"Successful Response","content":{"application/json":{"schema":{"$ref":"#/components/schemas/MentorRead"}}}},"422":{"description":"Validation Error","content":{"application/json":{"schema":{"$ref":"#/components/schemas/HTTPValidationError"}}}}}}},"/api/v1/mentors/{mentor_id}":{"get":{"tags":["Mentors"],"summary":"Get Mentor","operationId":"get_mentor_api_v1_mentors__mentor_id__get","parameters":[{"name":"mentor_id","in":"path","required":true,"schema":{"type":"integer","title":"Mentor Id"}}],"responses":{"200":{"description":"Successful Response","content":{"application/json":{"schema":{"$ref":"#/components/schemas/MentorRead"}}}},"422":{"description":"Validation Error","content":{"application/json":{"schema":{"$ref":"#/components/schemas/HTTPValidationError"}}}}}},"put":{"tags":["Mentors"],"summary":"Update Mentor","operationId":"update_mentor_api_v1_mentors__mentor_id__put","parameters":[{"name":"mentor_id","in":"path","required":true,"schema":{"type":"integer","title":"Mentor Id"}}],"requestBody":{"required":true,"content":{"application/json":{"schema":{"$ref":"#/components/schemas/MentorUpdate"}}}},"responses":{"200":{"description":"Successful Response","content":{"application/json":{"schema":{"$ref":"#/components/schemas/MentorRead"}}}},"422":{"description":"Validation Error","content":{"application/json":{"schema":{"$ref":"#/components/schemas/HTTPValidationError"}}}}}},"delete":{"tags":["Mentors"],"summary":"Delete Mentor","operationId":"delete_mentor_api_v1_mentors__mentor_id__delete","parameters":[{"name":"mentor_id","in":"path","required":true,"schema":{"type":"integer","title":"Mentor Id"}}],"responses":{"200":{"description":"Successful Response","content":{"application/json":{"schema":{}}}},"422":{"description":"Validation Error","content":{"application/json":{"schema":{"$ref":"#/components/schemas/HTTPValidationError"}}}}}}},"/api/v1/onboarding":{"get":{"tags":["Onboarding"],"summary":"Get All Onboarding Progress","operationId":"get_all_onboarding_progress_api_v1_onboarding_get","responses":{"200":{"description":"Successful Response","content":{"application/json":{"schema":{"items":{"$ref":"#/components/schemas/OnboardingProgressResponse"},"type":"array","title":"Response Get All Onboarding Progress Api V1 Onboarding Get"}}}}}},"post":{"tags":["Onboarding"],"summary":"Create Onboarding Progress","operationId":"create_onboarding_progress_api_v1_onboarding_post","requestBody":{"content":{"application/json":{"schema":{"$ref":"#/components/schemas/OnboardingProgressCreate"}}},"required":true},"responses":{"200":{"description":"Successful Response","content":{"application/json":{"schema":{"$ref":"#/components/schemas/OnboardingProgressResponse"}}}},"422":{"description":"Validation Error","content":{"application/json":{"schema":{"$ref":"#/components/schemas/HTTPValidationError"}}}}}}},"/api/v1/onboarding/{session_id}":{"get":{"tags":["Onboarding"],"summary":"Get Onboarding Progress","operationId":"get_onboarding_progress_api_v1_onboarding__session_id__get","parameters":[{"name":"session_id","in":"path","required":true,"schema":{"type":"string","format":"uuid","title":"Session Id"}}],"responses":{"200":{"description":"Successful Response","content":{"application/json":{"schema":{"$ref":"#/components/schemas/OnboardingProgressResponse"}}}},"422":{"description":"Validation Error","content":{"application/json":{"schema":{"$ref":"#/components/schemas/HTTPValidationError"}}}}}},"put":{"tags":["Onboarding"],"summary":"Update Onboarding Progress","operationId":"update_onboarding_progress_api_v1_onboarding__session_id__put","parameters":[{"name":"session_id","in":"path","required":true,"schema":{"type":"string","format":"uuid","title":"Session Id"}}],"requestBody":{"required":true,"content":{"application/json":{"schema":{"$ref":"#/components/schemas/OnboardingProgressUpdate"}}}},"responses":{"200":{"description":"Successful Response","content":{"application/json":{"schema":{"$ref":"#/components/schemas/OnboardingProgressResponse"}}}},"422":{"description":"Validation Error","content":{"application/json":{"schema":{"$ref":"#/components/schemas/HTTPValidationError"}}}}}},"delete":{"tags":["Onboarding"],"summary":"Delete Onboarding Progress","operationId":"delete_onboarding_progress_api_v1_onboarding__session_id__delete","parameters":[{"name":"session_id","in":"path","required":true,"schema":{"type":"string","format":"uuid","title":"Session Id"}}],"responses":{"200":{"description":"Successful Response","content":{"application/json":{"schema":{}}}},"422":{"description":"Validation Error","content":{"application/json":{"schema":{"$ref":"#/components/schemas/HTTPValidationError"}}}}}}},"/api/v1/onboarding/user/{user_id}":{"get":{"tags":["Onboarding"],"summary":"Get User Onboarding Progress","operationId":"get_user_onboarding_progress_api_v1_onboarding_user__user_id__get","parameters":[{"name":"user_id","in":"path","required":true,"schema":{"type":"string","format":"uuid","title":"User Id"}}],"responses":{"200":{"description":"Successful Response","content":{"application/json":{"schema":{"type":"array","items":{"$ref":"#/components/schemas/OnboardingProgressResponse"},"title":"Response Get User Onboarding Progress Api V1 Onboarding User  User Id  Get"}}}},"422":{"description":"Validation Error","content":{"application/json":{"schema":{"$ref":"#/components/schemas/HTTPValidationError"}}}}}}},"/api/v1/skills/":{"get":{"tags":["Skills"],"summary":"Get all skills","operationId":"read_skills_api_v1_skills__get","responses":{"200":{"description":"Successful Response","content":{"application/json":{"schema":{"items":{"$ref":"#/components/schemas/SkillInDB"},"type":"array","title":"Response Read Skills Api V1 Skills  Get"}}}}}},"post":{"tags":["Skills"],"summary":"Create a new skill","operationId":"create_skill_api_v1_skills__post","requestBody":{"content":{"application/json":{"schema":{"$ref":"#/components/schemas/SkillCreate"}}},"required":true},"responses":{"200":{"description":"Successful Response","content":{"application/json":{"schema":{"$ref":"#/components/schemas/SkillInDB"}}}},"422":{"description":"Validation Error","content":{"application/json":{"schema":{"$ref":"#/components/schemas/HTTPValidationError"}}}}}}},"/api/v1/skills/{skill_id}":{"get":{"tags":["Skills"],"summary":"Get a skill by ID","operationId":"read_skill_api_v1_skills__skill_id__get","parameters":[{"name":"skill_id","in":"path","required":true,"schema":{"type":"integer","title":"Skill Id"}}],"responses":{"200":{"description":"Successful Response","content":{"application/json":{"schema":{"$ref":"#/components/schemas/SkillInDB"}}}},"422":{"description":"Validation Error","content":{"application/json":{"schema":{"$ref":"#/components/schemas/HTTPValidationError"}}}}}},"put":{"tags":["Skills"],"summary":"Update a skill","operationId":"update_skill_api_v1_skills__skill_id__put","parameters":[{"name":"skill_id","in":"path","required":true,"schema":{"type":"integer","title":"Skill Id"}}],"requestBody":{"required":true,"content":{"application/json":{"schema":{"$ref":"#/components/schemas/SkillUpdate"}}}},"responses":{"200":{"description":"Successful Response","content":{"application/json":{"schema":{"$ref":"#/components/schemas/SkillInDB"}}}},"422":{"description":"Validation Error","content":{"application/json":{"schema":{"$ref":"#/components/schemas/HTTPValidationError"}}}}}},"delete":{"tags":["Skills"],"summary":"Delete a skill","operationId":"delete_skill_api_v1_skills__skill_id__delete","parameters":[{"name":"skill_id","in":"path","required":true,"schema":{"type":"integer","title":"Skill Id"}}],"responses":{"200":{"description":"Successful Response","content":{"application/json":{"schema":{"$ref":"#/components/schemas/SkillInDB"}}}},"422":{"description":"Validation Error","content":{"application/json":{"schema":{"$ref":"#/components/schemas/HTTPValidationError"}}}}}}},"/api/v1/users/":{"get":{"tags":["Users"],"summary":"Get all users","operationId":"get_all_users_api_v1_users__get","responses":{"200":{"description":"Successful Response","content":{"application/json":{"schema":{"items":{"$ref":"#/components/schemas/UserRead"},"type":"array","title":"Response Get All Users Api V1 Users  Get"}}}}}},"post":{"tags":["Users"],"summary":"Create a new user","operationId":"add_user_api_v1_users__post","requestBody":{"content":{"application/json":{"schema":{"$ref":"#/components/schemas/UserCreate"}}},"required":true},"responses":{"200":{"description":"Successful Response","content":{"application/json":{"schema":{"$ref":"#/components/schemas/UserRead"}}}},"422":{"description":"Validation Error","content":{"application/json":{"schema":{"$ref":"#/components/schemas/HTTPValidationError"}}}}}}},"/api/v1/users/{user_id}":{"get":{"tags":["Users"],"summary":"Get user details by ID","operationId":"get_user_api_v1_users__user_id__get","parameters":[{"name":"user_id","in":"path","required":true,"schema":{"type":"integer","title":"User Id"}}],"responses":{"200":{"description":"Successful Response","content":{"application/json":{"schema":{"$ref":"#/components/schemas/UserRead"}}}},"422":{"description":"Validation Error","content":{"application/json":{"schema":{"$ref":"#/components/schemas/HTTPValidationError"}}}}}},"put":{"tags":["Users"],"summary":"Update user details","operationId":"modify_user_api_v1_users__user_id__put","parameters":[{"name":"user_id","in":"path","required":true,"schema":{"type":"integer","title":"User Id"}}],"requestBody":{"required":true,"content":{"application/json":{"schema":{"$ref":"#/components/schemas/UserUpdate"}}}},"responses":{"200":{"description":"Successful Response","content":{"application/json":{"schema":{"$ref":"#/components/schemas/UserRead"}}}},"422":{"description":"Validation Error","content":{"application/json":{"schema":{"$ref":"#/components/schemas/HTTPValidationError"}}}}}},"delete":{"tags":["Users"],"summary":"Delete a user","operationId":"remove_user_api_v1_users__user_id__delete","parameters":[{"name":"user_id","in":"path","required":true,"schema":{"type":"integer","title":"User Id"}}],"responses":{"200":{"description":"Successful Response","content":{"application/json":{"schema":{}}}},"422":{"description":"Validation Error","content":{"application/json":{"schema":{"$ref":"#/components/schemas/HTTPValidationError"}}}}}}},"/api/v1/usercourse/":{"post":{"tags":["UserCourse"],"summary":"Create Usercourse","operationId":"create_userCourse_api_v1_usercourse__post","requestBody":{"required":true,"content":{"application/json":{"schema":{"$ref":"#/components/schemas/UserCourseCreate"}}}},"responses":{"200":{"description":"Successful Response","content":{"application/json":{"schema":{"$ref":"#/components/schemas/UserCourseRead"}}}},"422":{"description":"Validation Error","content":{"application/json":{"schema":{"$ref":"#/components/schemas/HTTPValidationError"}}}}}},"get":{"tags":["UserCourse"],"summary":"List Usercourses Route","operationId":"list_usercourses_route_api_v1_usercourse__get","parameters":[{"name":"user_id","in":"query","required":true,"schema":{"type":"integer","title":"User Id"}}],"responses":{"200":{"description":"Successful Response","content":{"application/json":{"schema":{"type":"array","items":{"$ref":"#/components/schemas/UserCourseDetailRead"},"title":"Response List Usercourses Route Api V1 Usercourse  Get"}}}},"422":{"description":"Validation Error","content":{"application/json":{"schema":{"$ref":"#/components/schemas/HTTPValidationError"}}}}}},"delete":{"tags":["UserCourse"],"summary":"Delete Usercourse","operationId":"delete_userCourse_api_v1_usercourse__delete","parameters":[{"name":"user_id","in":"query","required":true,"schema":{"type":"integer","title":"User Id"}},{"name":"course_id","in":"query","required":true,"schema":{"type":"integer","title":"Course Id"}}],"responses":{"200":{"description":"Successful Response","content":{"application/json":{"schema":{}}}},"422":{"description":"Validation Error","content":{"application/json":{"schema":{"$ref":"#/components/schemas/HTTPValidationError"}}}}}}},"/api/v1/usercourse/{usercourse_id}":{"get":{"tags":["UserCourse"],"summary":"Read Usercourse","operationId":"read_usercourse_api_v1_usercourse__usercourse_id__get","parameters":[{"name":"usercourse_id","in":"path","required":true,"schema":{"type":"integer","title":"Usercourse Id"}}],"responses":{"200":{"description":"Successful Response","content":{"application/json":{"schema":{"$ref":"#/components/schemas/UserCourseRead"}}}},"422":{"description":"Validation Error","content":{"application/json":{"schema":{"$ref":"#/components/schemas/HTTPValidationError"}}}}}},"put":{"tags":["UserCourse"],"summary":"Update Usercourse","operationId":"update_usercourse_api_v1_usercourse__usercourse_id__put","parameters":[{"name":"usercourse_id","in":"path","required":true,"schema":{"type":"integer","title":"Usercourse Id"}}],"requestBody":{"required":true,"content":{"application/json":{"schema":{"$ref":"#/components/schemas/UserCourseCreate"}}}},"responses":{"200":{"description":"Successful Response","content":{"application/json":{"schema":{"$ref":"#/components/schemas/UserCourseRead"}}}},"422":{"description":"Validation Error","content":{"application/json":{"schema":{"$ref":"#/components/schemas/HTTPValidationError"}}}}}}},"/api/v1/usercourse/enroll":{"post":{"tags":["UserCourse"],"summary":"Enroll In Free Course","operationId":"enroll_in_free_course_api_v1_usercourse_enroll_post","parameters":[{"name":"user_id","in":"query","required":true,"schema":{"type":"integer","title":"User Id"}},{"name":"course_id","in":"query","required":true,"schema":{"type":"integer","title":"Course Id"}}],"responses":{"200":{"description":"Successful Response","content":{"application/json":{"schema":{"$ref":"#/components/schemas/UserCourseRead"}}}},"422":{"description":"Validation Error","content":{"application/json":{"schema":{"$ref":"#/components/schemas/HTTPValidationError"}}}}}}},"/api/v1/student/":{"get":{"tags":["Student"],"summary":"Get all students","operationId":"get_all_students_api_v1_student__get","responses":{"200":{"description":"Successful Response","content":{"application/json":{"schema":{"items":{"$ref":"#/components/schemas/Student-Output"},"type":"array","title":"Response Get All Students Api V1 Student  Get"}}}}}},"post":{"tags":["Student"],"summary":"Create a new student","operationId":"add_student_api_v1_student__post","requestBody":{"content":{"application/json":{"schema":{"$ref":"#/components/schemas/Student-Input"}}},"required":true},"responses":{"200":{"description":"Successful Response","content":{"application/json":{"schema":{"$ref":"#/components/schemas/Student-Output"}}}},"422":{"description":"Validation Error","content":{"application/json":{"schema":{"$ref":"#/components/schemas/HTTPValidationError"}}}}}}},"/api/v1/student/{student_id}":{"get":{"tags":["Student"],"summary":"Get student details by ID","operationId":"get_student_api_v1_student__student_id__get","parameters":[{"name":"student_id","in":"path","required":true,"schema":{"type":"integer","title":"Student Id"}}],"responses":{"200":{"description":"Successful Response","content":{"application/json":{"schema":{"$ref":"#/components/schemas/Student-Output"}}}},"422":{"description":"Validation Error","content":{"application/json":{"schema":{"$ref":"#/components/schemas/HTTPValidationError"}}}}}},"put":{"tags":["Student"],"summary":"Update student details","operationId":"modify_student_api_v1_student__student_id__put","parameters":[{"name":"student_id","in":"path","required":true,"schema":{"type":"integer","title":"Student Id"}}],"requestBody":{"required":true,"content":{"application/json":{"schema":{"type":"object","title":"Updated Data"}}}},"responses":{"200":{"description":"Successful Response","content":{"application/json":{"schema":{"$ref":"#/components/schemas/Student-Output"}}}},"422":{"description":"Validation Error","content":{"application/json":{"schema":{"$ref":"#/components/schemas/HTTPValidationError"}}}}}},"delete":{"tags":["Student"],"summary":"Delete a student","operationId":"remove_student_api_v1_student__student_id__delete","parameters":[{"name":"student_id","in":"path","required":true,"schema":{"type":"integer","title":"Student Id"}}],"responses":{"200":{"description":"Successful Response","content":{"application/json":{"schema":{}}}},"422":{"description":"Validation Error","content":{"application/json":{"schema":{"$ref":"#/components/schemas/HTTPValidationError"}}}}}}}},"components":{"schemas":{"AuthRequest":{"properties":{"code":{"type":"string","title":"Code"},"redirect_uri":{"type":"string","title":"Redirect Uri"},"state":{"anyOf":[{"type":"string"},{"type":"null"}],"title":"State"},"is_student":{"anyOf":[{"type":"boolean"},{"type":"null"}],"title":"Is Student","default":false},"is_instructor":{"anyOf":[{"type":"boolean"},{"type":"null"}],"title":"Is Instructor","default":false}},"type":"object","required":["code","redirect_uri"],"title":"AuthRequest"},"AuthResponse":{"properties":{"access_token":{"type":"string","title":"Access Token"},"token_type":{"type":"string","title":"Token Type","default":"bearer"},"user_id":{"type":"integer","title":"User Id"},"display_name":{"type":"string","title":"Display Name"},"email":{"anyOf":[{"type":"string"},{"type":"null"}],"title":"Email"},"profile_image":{"anyOf":[{"type":"string"},{"type":"null"}],"title":"Profile Image"},"expires_in":{"type":"integer","title":"Expires In","default":86400},"redirect_path":{"anyOf":[{"type":"string"},{"type":"null"}],"title":"Redirect Path"},"is_student":{"anyOf":[{"type":"boolean"},{"type":"null"}],"title":"Is Student","default":false},"is_instructor":{"anyOf":[{"type":"boolean"},{"type":"null"}],"title":"Is Instructor","default":false}},"type":"object","required":["access_token","user_id","display_name"],"title":"AuthResponse"},"CountryCreate":{"properties":{"name":{"type":"string","title":"Name"},"created_by":{"anyOf":[{"type":"integer"},{"type":"null"}],"title":"Created By"}},"type":"object","required":["name"],"title":"CountryCreate"},"CountryRead":{"properties":{"name":{"type":"string","title":"Name"},"id":{"type":"integer","title":"Id"},"created_at":{"type":"string","format":"date-time","title":"Created At"},"updated_at":{"type":"string","format":"date-time","title":"Updated At"},"created_by":{"anyOf":[{"type":"integer"},{"type":"null"}],"title":"Created By"},"updated_by":{"anyOf":[{"type":"integer"},{"type":"null"}],"title":"Updated By"},"active":{"type":"boolean","title":"Active"}},"type":"object","required":["name","id","created_at","updated_at","created_by","updated_by","active"],"title":"CountryRead"},"CountryUpdate":{"properties":{"name":{"anyOf":[{"type":"string"},{"type":"null"}],"title":"Name"},"updated_by":{"anyOf":[{"type":"integer"},{"type":"null"}],"title":"Updated By"},"active":{"anyOf":[{"type":"boolean"},{"type":"null"}],"title":"Active"}},"type":"object","title":"CountryUpdate"},"CourseCategoryCreate":{"properties":{"name":{"type":"string","title":"Name"},"is_flagship":{"anyOf":[{"type":"boolean"},{"type":"null"}],"title":"Is Flagship","default":false},"active":{"anyOf":[{"type":"boolean"},{"type":"null"}],"title":"Active","default":true}},"type":"object","required":["name"],"title":"CourseCategoryCreate"},"CourseCategoryRead":{"properties":{"name":{"type":"string","title":"Name"},"is_flagship":{"anyOf":[{"type":"boolean"},{"type":"null"}],"title":"Is Flagship","default":false},"active":{"anyOf":[{"type":"boolean"},{"type":"null"}],"title":"Active","default":true},"id":{"type":"integer","title":"Id"},"created_at":{"type":"string","format":"date-time","title":"Created At"},"updated_at":{"type":"string","format":"date-time","title":"Updated At"}},"type":"object","required":["name","id","created_at","updated_at"],"title":"CourseCategoryRead"},"CourseCategoryUpdate":{"properties":{"name":{"anyOf":[{"type":"string"},{"type":"null"}],"title":"Name"},"is_flagship":{"anyOf":[{"type":"boolean"},{"type":"null"}],"title":"Is Flagship"},"active":{"anyOf":[{"type":"boolean"},{"type":"null"}],"title":"Active"},"updated_at":{"anyOf":[{"type":"string","format":"date-time"},{"type":"null"}],"title":"Updated At","default":"2025-03-24T14:57:50.261912"}},"type":"object","title":"CourseCategoryUpdate"},"CourseCreate":{"properties":{"title":{"type":"string","title":"Title"},"description":{"anyOf":[{"type":"string"},{"type":"null"}],"title":"Description"},"category_id":{"anyOf":[{"type":"integer"},{"type":"null"}],"title":"Category Id"},"subcategory_id":{"anyOf":[{"type":"integer"},{"type":"null"}],"title":"Subcategory Id"},"course_type_id":{"anyOf":[{"type":"integer"},{"type":"null"}],"title":"Course Type Id"},"sells_type_id":{"anyOf":[{"type":"integer"},{"type":"null"}],"title":"Sells Type Id"},"mentor_id":{"anyOf":[{"type":"integer"},{"type":"null"}],"title":"Mentor Id"},"language_id":{"anyOf":[{"type":"integer"},{"type":"null"}],"title":"Language Id"},"is_flagship":{"anyOf":[{"type":"boolean"},{"type":"null"}],"title":"Is Flagship","default":false},"active":{"anyOf":[{"type":"boolean"},{"type":"null"}],"title":"Active","default":true},"price":{"anyOf":[{"type":"number"},{"type":"null"}],"title":"Price","default":0},"ratings":{"anyOf":[{"type":"number"},{"type":"null"}],"title":"Ratings","default":0.0}},"type":"object","required":["title","category_id","subcategory_id","course_type_id","sells_type_id","mentor_id","language_id"],"title":"CourseCreate"},"CourseRead":{"properties":{"title":{"type":"string","title":"Title"},"description":{"anyOf":[{"type":"string"},{"type":"null"}],"title":"Description"},"category_id":{"anyOf":[{"type":"integer"},{"type":"null"}],"title":"Category Id"},"subcategory_id":{"anyOf":[{"type":"integer"},{"type":"null"}],"title":"Subcategory Id"},"course_type_id":{"anyOf":[{"type":"integer"},{"type":"null"}],"title":"Course Type Id"},"sells_type_id":{"anyOf":[{"type":"integer"},{"type":"null"}],"title":"Sells Type Id"},"mentor_id":{"anyOf":[{"type":"integer"},{"type":"null"}],"title":"Mentor Id"},"language_id":{"anyOf":[{"type":"integer"},{"type":"null"}],"title":"Language Id"},"is_flagship":{"anyOf":[{"type":"boolean"},{"type":"null"}],"title":"Is Flagship","default":false},"active":{"anyOf":[{"type":"boolean"},{"type":"null"}],"title":"Active","default":true},"price":{"anyOf":[{"type":"number"},{"type":"null"}],"title":"Price","default":0},"ratings":{"anyOf":[{"type":"number"},{"type":"null"}],"title":"Ratings","default":0.0},"id":{"type":"integer","title":"Id"},"created_at":{"type":"string","format":"date-time","title":"Created At"},"updated_at":{"type":"string","format":"date-time","title":"Updated At"},"instructor":{"anyOf":[{"$ref":"#/components/schemas/InstructorInfo"},{"type":"null"}]}},"type":"object","required":["title","category_id","subcategory_id","course_type_id","sells_type_id","mentor_id","language_id","id","created_at","updated_at","instructor"],"title":"CourseRead"},"CourseSubcategoryCreate":{"properties":{"name":{"type":"string","title":"Name"},"category_id":{"type":"integer","title":"Category Id"},"is_flagship":{"anyOf":[{"type":"boolean"},{"type":"null"}],"title":"Is Flagship","default":false},"active":{"anyOf":[{"type":"boolean"},{"type":"null"}],"title":"Active","default":true},"created_by":{"anyOf":[{"type":"integer"},{"type":"null"}],"title":"Created By"}},"type":"object","required":["name","category_id"],"title":"CourseSubcategoryCreate"},"CourseSubcategoryInDB":{"properties":{"name":{"type":"string","title":"Name"},"category_id":{"type":"integer","title":"Category Id"},"is_flagship":{"anyOf":[{"type":"boolean"},{"type":"null"}],"title":"Is Flagship","default":false},"active":{"anyOf":[{"type":"boolean"},{"type":"null"}],"title":"Active","default":true},"id":{"type":"integer","title":"Id"},"created_at":{"type":"string","format":"date-time","title":"Created At"},"created_by":{"anyOf":[{"type":"integer"},{"type":"null"}],"title":"Created By"},"updated_at":{"anyOf":[{"type":"string","format":"date-time"},{"type":"null"}],"title":"Updated At"},"updated_by":{"anyOf":[{"type":"integer"},{"type":"null"}],"title":"Updated By"}},"type":"object","required":["name","category_id","id","created_at","created_by"],"title":"CourseSubcategoryInDB"},"CourseSubcategoryUpdate":{"properties":{"name":{"anyOf":[{"type":"string"},{"type":"null"}],"title":"Name"},"category_id":{"anyOf":[{"type":"integer"},{"type":"null"}],"title":"Category Id"},"is_flagship":{"anyOf":[{"type":"boolean"},{"type":"null"}],"title":"Is Flagship"},"active":{"anyOf":[{"type":"boolean"},{"type":"null"}],"title":"Active"},"updated_by":{"anyOf":[{"type":"integer"},{"type":"null"}],"title":"Updated By"}},"type":"object","title":"CourseSubcategoryUpdate"},"CourseUpdate":{"properties":{"title":{"type":"string","title":"Title"},"description":{"anyOf":[{"type":"string"},{"type":"null"}],"title":"Description"},"category_id":{"anyOf":[{"type":"integer"},{"type":"null"}],"title":"Category Id"},"subcategory_id":{"anyOf":[{"type":"integer"},{"type":"null"}],"title":"Subcategory Id"},"course_type_id":{"anyOf":[{"type":"integer"},{"type":"null"}],"title":"Course Type Id"},"sells_type_id":{"anyOf":[{"type":"integer"},{"type":"null"}],"title":"Sells Type Id"},"mentor_id":{"anyOf":[{"type":"integer"},{"type":"null"}],"title":"Mentor Id"},"language_id":{"anyOf":[{"type":"integer"},{"type":"null"}],"title":"Language Id"},"is_flagship":{"anyOf":[{"type":"boolean"},{"type":"null"}],"title":"Is Flagship","default":false},"active":{"anyOf":[{"type":"boolean"},{"type":"null"}],"title":"Active","default":true},"price":{"anyOf":[{"type":"number"},{"type":"null"}],"title":"Price","default":0},"ratings":{"anyOf":[{"type":"number"},{"type":"null"}],"title":"Ratings","default":0.0}},"type":"object","required":["title","category_id","subcategory_id","course_type_id","sells_type_id","mentor_id","language_id"],"title":"CourseUpdate"},"CurrencyCreate":{"properties":{"name":{"type":"string","title":"Name"},"symbol":{"type":"string","title":"Symbol"},"country_id":{"anyOf":[{"type":"integer"},{"type":"null"}],"title":"Country Id"},"created_by":{"anyOf":[{"type":"integer"},{"type":"null"}],"title":"Created By"}},"type":"object","required":["name","symbol"],"title":"CurrencyCreate"},"CurrencyRead":{"properties":{"name":{"type":"string","title":"Name"},"symbol":{"type":"string","title":"Symbol"},"country_id":{"anyOf":[{"type":"integer"},{"type":"null"}],"title":"Country Id"},"id":{"type":"integer","title":"Id"},"created_at":{"type":"string","format":"date-time","title":"Created At"},"updated_at":{"type":"string","format":"date-time","title":"Updated At"},"created_by":{"anyOf":[{"type":"integer"},{"type":"null"}],"title":"Created By"},"updated_by":{"anyOf":[{"type":"integer"},{"type":"null"}],"title":"Updated By"},"active":{"type":"boolean","title":"Active"}},"type":"object","required":["name","symbol","id","created_at","updated_at","created_by","updated_by","active"],"title":"CurrencyRead"},"CurrencyUpdate":{"properties":{"name":{"anyOf":[{"type":"string"},{"type":"null"}],"title":"Name"},"symbol":{"anyOf":[{"type":"string"},{"type":"null"}],"title":"Symbol"},"country_id":{"anyOf":[{"type":"integer"},{"type":"null"}],"title":"Country Id"},"updated_by":{"anyOf":[{"type":"integer"},{"type":"null"}],"title":"Updated By"},"active":{"anyOf":[{"type":"boolean"},{"type":"null"}],"title":"Active"}},"type":"object","title":"CurrencyUpdate"},"EmailAuthRequest":{"properties":{"email":{"type":"string","format":"email","title":"Email"},"password":{"type":"string","title":"Password"}},"type":"object","required":["email","password"],"title":"EmailAuthRequest","example":{"email":"john.doe@example.com","password":"SecureP@ssw0rd123"}},"EmailRegisterRequest":{"properties":{"email":{"type":"string","format":"email","title":"Email"},"password":{"type":"string","title":"Password"},"first_name":{"anyOf":[{"type":"string"},{"type":"null"}],"title":"First Name"},"last_name":{"anyOf":[{"type":"string"},{"type":"null"}],"title":"Last Name"},"is_student":{"anyOf":[{"type":"boolean"},{"type":"null"}],"title":"Is Student","default":false},"is_instructor":{"anyOf":[{"type":"boolean"},{"type":"null"}],"title":"Is Instructor","default":false}},"type":"object","required":["email","password"],"title":"EmailRegisterRequest","example":{"email":"john.doe@example.com","first_name":"John","is_instructor":false,"is_student":true,"last_name":"Doe","password":"SecureP@ssw0rd123"}},"GoogleAuthRequest":{"properties":{"code":{"type":"string","title":"Code"},"redirect_uri":{"type":"string","title":"Redirect Uri"},"state":{"anyOf":[{"type":"string"},{"type":"null"}],"title":"State"},"is_student":{"anyOf":[{"type":"boolean"},{"type":"null"}],"title":"Is Student","default":false},"is_instructor":{"anyOf":[{"type":"boolean"},{"type":"null"}],"title":"Is Instructor","default":false}},"type":"object","required":["code","redirect_uri"],"title":"GoogleAuthRequest","description":"Google OAuth authentication request schema"},"HTTPValidationError":{"properties":{"detail":{"items":{"$ref":"#/components/schemas/ValidationError"},"type":"array","title":"Detail"}},"type":"object","title":"HTTPValidationError"},"InstructorInfo":{"properties":{"id":{"type":"integer","title":"Id"},"display_name":{"type":"string","title":"Display Name"},"first_name":{"anyOf":[{"type":"string"},{"type":"null"}],"title":"First Name"},"last_name":{"anyOf":[{"type":"string"},{"type":"null"}],"title":"Last Name"}},"type":"object","required":["id","display_name","first_name","last_name"],"title":"InstructorInfo"},"JobRoleCreate":{"properties":{"job_role_name":{"type":"string","title":"Job Role Name"},"description":{"anyOf":[{"type":"string"},{"type":"null"}],"title":"Description"},"category_id":{"type":"integer","title":"Category Id"},"subcategory_id":{"type":"integer","title":"Subcategory Id"},"active":{"type":"boolean","title":"Active","default":true},"created_by":{"type":"integer","title":"Created By"}},"type":"object","required":["job_role_name","category_id","subcategory_id","created_by"],"title":"JobRoleCreate","example":{"active":true,"category_id":1,"created_by":1,"description":"Lead software engineer position with full-stack development responsibilities","job_role_name":"Senior Software Engineer","subcategory_id":2}},"JobRoleInDB":{"properties":{"job_role_name":{"type":"string","title":"Job Role Name"},"description":{"anyOf":[{"type":"string"},{"type":"null"}],"title":"Description"},"category_id":{"type":"integer","title":"Category Id"},"subcategory_id":{"type":"integer","title":"Subcategory Id"},"active":{"type":"boolean","title":"Active","default":true},"id":{"type":"integer","title":"Id"},"created_at":{"type":"string","format":"date-time","title":"Created At"},"created_by":{"type":"integer","title":"Created By"},"updated_at":{"anyOf":[{"type":"string","format":"date-time"},{"type":"null"}],"title":"Updated At"},"updated_by":{"anyOf":[{"type":"integer"},{"type":"null"}],"title":"Updated By"}},"type":"object","required":["job_role_name","category_id","subcategory_id","id","created_at","created_by"],"title":"JobRoleInDB","example":{"active":true,"category_id":1,"created_at":"2024-02-14T12:00:00Z","created_by":1,"description":"Lead software engineer position with full-stack development responsibilities","id":1,"job_role_name":"Senior Software Engineer","subcategory_id":2,"updated_at":"2024-02-14T13:00:00Z","updated_by":2}},"JobRoleUpdate":{"properties":{"job_role_name":{"anyOf":[{"type":"string"},{"type":"null"}],"title":"Job Role Name"},"description":{"anyOf":[{"type":"string"},{"type":"null"}],"title":"Description"},"category_id":{"anyOf":[{"type":"integer"},{"type":"null"}],"title":"Category Id"},"subcategory_id":{"anyOf":[{"type":"integer"},{"type":"null"}],"title":"Subcategory Id"},"active":{"anyOf":[{"type":"boolean"},{"type":"null"}],"title":"Active"},"updated_by":{"type":"integer","title":"Updated By"}},"type":"object","required":["updated_by"],"title":"JobRoleUpdate","example":{"active":true,"category_id":1,"description":"Updated role description for lead software engineer position","job_role_name":"Lead Software Engineer","subcategory_id":3,"updated_by":1}},"Mentor":{"properties":{"id":{"anyOf":[{"type":"integer"},{"type":"null"}],"title":"Id"},"user_id":{"type":"integer","title":"User Id"},"bio":{"anyOf":[{"type":"string"},{"type":"null"}],"title":"Bio"},"expertise":{"anyOf":[{"type":"string","maxLength":500},{"type":"null"}],"title":"Expertise"},"rating":{"anyOf":[{"type":"number"},{"type":"null"}],"title":"Rating","default":0.0},"is_available":{"anyOf":[{"type":"boolean"},{"type":"null"}],"title":"Is Available","default":true},"created_at":{"type":"string","format":"date-time","title":"Created At"},"updated_at":{"type":"string","format":"date-time","title":"Updated At"}},"type":"object","required":["user_id"],"title":"Mentor"},"MentorCreate":{"properties":{"user_id":{"type":"integer","title":"User Id"},"bio":{"anyOf":[{"type":"string"},{"type":"null"}],"title":"Bio"},"expertise":{"anyOf":[{"type":"string"},{"type":"null"}],"title":"Expertise"},"rating":{"anyOf":[{"type":"number"},{"type":"null"}],"title":"Rating","default":0.0},"total_students":{"anyOf":[{"type":"integer"},{"type":"null"}],"title":"Total Students","default":0},"is_available":{"anyOf":[{"type":"boolean"},{"type":"null"}],"title":"Is Available","default":true}},"type":"object","required":["user_id"],"title":"MentorCreate"},"MentorRead":{"properties":{"user_id":{"type":"integer","title":"User Id"},"bio":{"anyOf":[{"type":"string"},{"type":"null"}],"title":"Bio"},"expertise":{"anyOf":[{"type":"string"},{"type":"null"}],"title":"Expertise"},"rating":{"anyOf":[{"type":"number"},{"type":"null"}],"title":"Rating","default":0.0},"total_students":{"anyOf":[{"type":"integer"},{"type":"null"}],"title":"Total Students","default":0},"is_available":{"anyOf":[{"type":"boolean"},{"type":"null"}],"title":"Is Available","default":true},"id":{"type":"integer","title":"Id"},"created_at":{"type":"string","format":"date-time","title":"Created At"},"updated_at":{"type":"string","format":"date-time","title":"Updated At"}},"type":"object","required":["user_id","id","created_at","updated_at"],"title":"MentorRead"},"MentorUpdate":{"properties":{"bio":{"anyOf":[{"type":"string"},{"type":"null"}],"title":"Bio"},"expertise":{"anyOf":[{"type":"string"},{"type":"null"}],"title":"Expertise"},"rating":{"anyOf":[{"type":"number"},{"type":"null"}],"title":"Rating"},"total_students":{"anyOf":[{"type":"integer"},{"type":"null"}],"title":"Total Students"},"is_available":{"anyOf":[{"type":"boolean"},{"type":"null"}],"title":"Is Available"}},"type":"object","title":"MentorUpdate"},"OnboardingProgressCreate":{"properties":{"session_id":{"anyOf":[{"type":"string","format":"uuid"},{"type":"null"}],"title":"Session Id"},"step_number":{"anyOf":[{"type":"integer"},{"type":"null"}],"title":"Step Number"},"data":{"anyOf":[{"type":"object"},{"type":"null"}],"title":"Data"},"user_id":{"anyOf":[{"type":"string","format":"uuid"},{"type":"null"}],"title":"User Id"}},"type":"object","title":"OnboardingProgressCreate"},"OnboardingProgressResponse":{"properties":{"session_id":{"anyOf":[{"type":"string","format":"uuid"},{"type":"null"}],"title":"Session Id"},"step_number":{"anyOf":[{"type":"integer"},{"type":"null"}],"title":"Step Number"},"data":{"anyOf":[{"type":"object"},{"type":"null"}],"title":"Data"},"user_id":{"anyOf":[{"type":"string","format":"uuid"},{"type":"null"}],"title":"User Id"},"created_at":{"type":"string","format":"date-time","title":"Created At"},"updated_at":{"type":"string","format":"date-time","title":"Updated At"}},"type":"object","required":["created_at","updated_at"],"title":"OnboardingProgressResponse"},"OnboardingProgressUpdate":{"properties":{"session_id":{"anyOf":[{"type":"string","format":"uuid"},{"type":"null"}],"title":"Session Id"},"step_number":{"anyOf":[{"type":"integer"},{"type":"null"}],"title":"Step Number"},"data":{"anyOf":[{"type":"object"},{"type":"null"}],"title":"Data"},"user_id":{"anyOf":[{"type":"string","format":"uuid"},{"type":"null"}],"title":"User Id"}},"type":"object","title":"OnboardingProgressUpdate"},"SkillCreate":{"properties":{"skill_name":{"type":"string","title":"Skill Name"},"description":{"anyOf":[{"type":"string"},{"type":"null"}],"title":"Description"},"category_id":{"type":"integer","title":"Category Id"},"subcategory_id":{"type":"integer","title":"Subcategory Id"},"active":{"type":"boolean","title":"Active","default":true},"created_by":{"type":"integer","title":"Created By"}},"type":"object","required":["skill_name","category_id","subcategory_id","created_by"],"title":"SkillCreate","example":{"active":true,"category_id":1,"created_by":1,"description":"Advanced Python programming skills including web frameworks and data science","skill_name":"Python Programming","subcategory_id":2}},"SkillInDB":{"properties":{"skill_name":{"type":"string","title":"Skill Name"},"description":{"anyOf":[{"type":"string"},{"type":"null"}],"title":"Description"},"category_id":{"type":"integer","title":"Category Id"},"subcategory_id":{"type":"integer","title":"Subcategory Id"},"active":{"type":"boolean","title":"Active","default":true},"id":{"type":"integer","title":"Id"},"created_at":{"type":"string","format":"date-time","title":"Created At"},"created_by":{"type":"integer","title":"Created By"},"updated_at":{"anyOf":[{"type":"string","format":"date-time"},{"type":"null"}],"title":"Updated At"},"updated_by":{"anyOf":[{"type":"integer"},{"type":"null"}],"title":"Updated By"}},"type":"object","required":["skill_name","category_id","subcategory_id","id","created_at","created_by"],"title":"SkillInDB","example":{"active":true,"category_id":1,"created_at":"2024-02-14T12:00:00Z","created_by":1,"description":"Advanced Python programming skills including web frameworks and data science","id":1,"skill_name":"Python Programming","subcategory_id":2,"updated_at":"2024-02-14T13:00:00Z","updated_by":2}},"SkillUpdate":{"properties":{"skill_name":{"anyOf":[{"type":"string"},{"type":"null"}],"title":"Skill Name"},"description":{"anyOf":[{"type":"string"},{"type":"null"}],"title":"Description"},"category_id":{"anyOf":[{"type":"integer"},{"type":"null"}],"title":"Category Id"},"subcategory_id":{"anyOf":[{"type":"integer"},{"type":"null"}],"title":"Subcategory Id"},"active":{"anyOf":[{"type":"boolean"},{"type":"null"}],"title":"Active"},"updated_by":{"type":"integer","title":"Updated By"}},"type":"object","required":["updated_by"],"title":"SkillUpdate","example":{"active":true,"category_id":1,"description":"Updated description for Python programming skills","skill_name":"Advanced Python Programming","subcategory_id":3,"updated_by":1}},"Student-Input":{"properties":{"id":{"anyOf":[{"type":"integer"},{"type":"null"}],"title":"Id"},"user_id":{"anyOf":[{"type":"integer"},{"type":"null"}],"title":"User Id"},"enrolled_courses":{"anyOf":[{"type":"integer"},{"type":"null"}],"title":"Enrolled Courses"},"active_courses":{"anyOf":[{"type":"integer"},{"type":"null"}],"title":"Active Courses"},"completed_courses":{"anyOf":[{"type":"integer"},{"type":"null"}],"title":"Completed Courses"},"is_fresher":{"anyOf":[{"type":"boolean"},{"type":"null"}],"title":"Is Fresher","default":false},"overall_experience":{"anyOf":[{"type":"integer"},{"type":"null"}],"title":"Overall Experience"},"corporate_job_experience":{"anyOf":[{"type":"integer"},{"type":"null"}],"title":"Corporate Job Experience"},"need_job":{"anyOf":[{"type":"boolean"},{"type":"null"}],"title":"Need Job","default":false},"better_salary":{"anyOf":[{"type":"boolean"},{"type":"null"}],"title":"Better Salary","default":false},"pursuing":{"anyOf":[{"type":"boolean"},{"type":"null"}],"title":"Pursuing","default":false},"cloudou_rating":{"anyOf":[{"type":"number","maximum":9.99,"minimum":0.0},{"type":"string"},{"type":"null"}],"title":"Cloudou Rating","description":"rating in numbers with a max of 3 digits and 2 decimal places."},"avg_mentors_rating":{"anyOf":[{"type":"number","maximum":9.99,"minimum":0.0},{"type":"string"},{"type":"null"}],"title":"Avg Mentors Rating","description":"rating in numbers with a max of 3 digits and 2 decimal places."},"min_budget_h":{"anyOf":[{"type":"number","maximum":99999999.99,"minimum":0.0},{"type":"string"},{"type":"null"}],"title":"Min Budget H","description":"Budget in numbers with a max of 10 digits and 2 decimal places."},"max_budget_h":{"anyOf":[{"type":"number","maximum":99999999.99,"minimum":0.0},{"type":"string"},{"type":"null"}],"title":"Max Budget H","description":"Budget in numbers with a max of 10 digits and 2 decimal places."},"budget_spent":{"anyOf":[{"type":"number","maximum":99999999.99,"minimum":0.0},{"type":"string"},{"type":"null"}],"title":"Budget Spent","description":"rating in numbers with a max of 3 digits and 2 decimal places."},"student_level":{"anyOf":[{"type":"string","maxLength":50},{"type":"null"}],"title":"Student Level"},"created_at":{"type":"string","format":"date-time","title":"Created At"},"created_by":{"type":"integer","title":"Created By"},"updated_at":{"type":"string","format":"date-time","title":"Updated At"},"updated_by":{"type":"integer","title":"Updated By"},"active":{"anyOf":[{"type":"boolean"},{"type":"null"}],"title":"Active","default":true},"additional_details":{"anyOf":[{"type":"object"},{"type":"null"}],"title":"Additional Details"}},"type":"object","required":["student_level","created_by","updated_by"],"title":"Student"},"Student-Output":{"properties":{"id":{"anyOf":[{"type":"integer"},{"type":"null"}],"title":"Id"},"user_id":{"anyOf":[{"type":"integer"},{"type":"null"}],"title":"User Id"},"enrolled_courses":{"anyOf":[{"type":"integer"},{"type":"null"}],"title":"Enrolled Courses"},"active_courses":{"anyOf":[{"type":"integer"},{"type":"null"}],"title":"Active Courses"},"completed_courses":{"anyOf":[{"type":"integer"},{"type":"null"}],"title":"Completed Courses"},"is_fresher":{"anyOf":[{"type":"boolean"},{"type":"null"}],"title":"Is Fresher","default":false},"overall_experience":{"anyOf":[{"type":"integer"},{"type":"null"}],"title":"Overall Experience"},"corporate_job_experience":{"anyOf":[{"type":"integer"},{"type":"null"}],"title":"Corporate Job Experience"},"need_job":{"anyOf":[{"type":"boolean"},{"type":"null"}],"title":"Need Job","default":false},"better_salary":{"anyOf":[{"type":"boolean"},{"type":"null"}],"title":"Better Salary","default":false},"pursuing":{"anyOf":[{"type":"boolean"},{"type":"null"}],"title":"Pursuing","default":false},"cloudou_rating":{"anyOf":[{"type":"string"},{"type":"null"}],"title":"Cloudou Rating","description":"rating in numbers with a max of 3 digits and 2 decimal places."},"avg_mentors_rating":{"anyOf":[{"type":"string"},{"type":"null"}],"title":"Avg Mentors Rating","description":"rating in numbers with a max of 3 digits and 2 decimal places."},"min_budget_h":{"anyOf":[{"type":"string"},{"type":"null"}],"title":"Min Budget H","description":"Budget in numbers with a max of 10 digits and 2 decimal places."},"max_budget_h":{"anyOf":[{"type":"string"},{"type":"null"}],"title":"Max Budget H","description":"Budget in numbers with a max of 10 digits and 2 decimal places."},"budget_spent":{"anyOf":[{"type":"string"},{"type":"null"}],"title":"Budget Spent","description":"rating in numbers with a max of 3 digits and 2 decimal places."},"student_level":{"anyOf":[{"type":"string","maxLength":50},{"type":"null"}],"title":"Student Level"},"created_at":{"type":"string","format":"date-time","title":"Created At"},"created_by":{"type":"integer","title":"Created By"},"updated_at":{"type":"string","format":"date-time","title":"Updated At"},"updated_by":{"type":"integer","title":"Updated By"},"active":{"anyOf":[{"type":"boolean"},{"type":"null"}],"title":"Active","default":true},"additional_details":{"anyOf":[{"type":"object"},{"type":"null"}],"title":"Additional Details"}},"type":"object","required":["student_level","created_by","updated_by"],"title":"Student"},"UserCourseCreate":{"properties":{"user_id":{"anyOf":[{"type":"integer"},{"type":"null"}],"title":"User Id"},"course_id":{"anyOf":[{"type":"integer"},{"type":"null"}],"title":"Course Id"},"transaction_id":{"anyOf":[{"type":"string","format":"uuid"},{"type":"null"}],"title":"Transaction Id"},"is_enrolled":{"anyOf":[{"type":"boolean"},{"type":"null"}],"title":"Is Enrolled","default":false},"enrollment_date":{"anyOf":[{"type":"string","format":"date-time"},{"type":"null"}],"title":"Enrollment Date"},"course_completion_status":{"anyOf":[{"type":"string"},{"type":"null"}],"title":"Course Completion Status"},"created_by":{"anyOf":[{"type":"integer"},{"type":"null"}],"title":"Created By"},"updated_by":{"anyOf":[{"type":"integer"},{"type":"null"}],"title":"Updated By"},"active":{"anyOf":[{"type":"boolean"},{"type":"null"}],"title":"Active","default":true},"price":{"anyOf":[{"type":"number"},{"type":"null"}],"title":"Price","default":0}},"type":"object","required":["user_id","course_id","transaction_id","enrollment_date","course_completion_status","created_by","updated_by"],"title":"UserCourseCreate"},"UserCourseDetailRead":{"properties":{"id":{"type":"integer","title":"Id"},"user_id":{"type":"integer","title":"User Id"},"course_id":{"type":"integer","title":"Course Id"},"transaction_id":{"anyOf":[{"type":"string","format":"uuid"},{"type":"null"}],"title":"Transaction Id"},"cart_date":{"anyOf":[{"type":"string","format":"date-time"},{"type":"null"}],"title":"Cart Date"},"is_enrolled":{"type":"boolean","title":"Is Enrolled"},"enrollment_date":{"anyOf":[{"type":"string","format":"date-time"},{"type":"null"}],"title":"Enrollment Date"},"course_completion_status":{"anyOf":[{"type":"string"},{"type":"null"}],"title":"Course Completion Status"},"created_at":{"type":"string","format":"date-time","title":"Created At"},"updated_at":{"type":"string","format":"date-time","title":"Updated At"},"created_by":{"anyOf":[{"type":"integer"},{"type":"null"}],"title":"Created By"},"updated_by":{"anyOf":[{"type":"integer"},{"type":"null"}],"title":"Updated By"},"active":{"type":"boolean","title":"Active"},"course_title":{"type":"string","title":"Course Title"},"course_description":{"anyOf":[{"type":"string"},{"type":"null"}],"title":"Course Description"},"course_category_id":{"anyOf":[{"type":"integer"},{"type":"null"}],"title":"Course Category Id"},"course_subcategory_id":{"anyOf":[{"type":"integer"},{"type":"null"}],"title":"Course Subcategory Id"},"course_type_id":{"anyOf":[{"type":"integer"},{"type":"null"}],"title":"Course Type Id"},"course_sells_type_id":{"anyOf":[{"type":"integer"},{"type":"null"}],"title":"Course Sells Type Id"},"course_mentor_id":{"anyOf":[{"type":"integer"},{"type":"null"}],"title":"Course Mentor Id"},"course_language_id":{"anyOf":[{"type":"integer"},{"type":"null"}],"title":"Course Language Id"},"course_created_at":{"type":"string","format":"date-time","title":"Course Created At"},"course_updated_at":{"type":"string","format":"date-time","title":"Course Updated At"},"course_is_flagship":{"anyOf":[{"type":"boolean"},{"type":"null"}],"title":"Course Is Flagship"},"course_active":{"anyOf":[{"type":"boolean"},{"type":"null"}],"title":"Course Active"},"course_price":{"anyOf":[{"type":"number"},{"type":"null"}],"title":"Course Price"}},"type":"object","required":["id","user_id","course_id","transaction_id","cart_date","is_enrolled","enrollment_date","course_completion_status","created_at","updated_at","created_by","updated_by","active","course_title","course_description","course_category_id","course_subcategory_id","course_type_id","course_sells_type_id","course_mentor_id","course_language_id","course_created_at","course_updated_at","course_is_flagship","course_active","course_price"],"title":"UserCourseDetailRead"},"UserCourseRead":{"properties":{"id":{"type":"integer","title":"Id"},"user_id":{"anyOf":[{"type":"integer"},{"type":"null"}],"title":"User Id"},"course_id":{"anyOf":[{"type":"integer"},{"type":"null"}],"title":"Course Id"},"transaction_id":{"anyOf":[{"type":"string","format":"uuid"},{"type":"null"}],"title":"Transaction Id"},"cart_date":{"anyOf":[{"type":"string","format":"date-time"},{"type":"null"}],"title":"Cart Date"},"is_enrolled":{"type":"boolean","title":"Is Enrolled"},"enrollment_date":{"anyOf":[{"type":"string","format":"date-time"},{"type":"null"}],"title":"Enrollment Date"},"course_completion_status":{"anyOf":[{"type":"string"},{"type":"null"}],"title":"Course Completion Status"},"created_at":{"type":"string","format":"date-time","title":"Created At"},"updated_at":{"type":"string","format":"date-time","title":"Updated At"},"created_by":{"anyOf":[{"type":"integer"},{"type":"null"}],"title":"Created By"},"updated_by":{"anyOf":[{"type":"integer"},{"type":"null"}],"title":"Updated By"},"active":{"type":"boolean","title":"Active"}},"type":"object","required":["id","user_id","course_id","transaction_id","cart_date","is_enrolled","enrollment_date","course_completion_status","created_at","updated_at","created_by","updated_by","active"],"title":"UserCourseRead"},"UserCreate":{"properties":{"display_name":{"type":"string","title":"Display Name"},"first_name":{"anyOf":[{"type":"string"},{"type":"null"}],"title":"First Name"},"last_name":{"anyOf":[{"type":"string"},{"type":"null"}],"title":"Last Name"},"work_email":{"anyOf":[{"type":"string"},{"type":"null"}],"title":"Work Email"},"personal_email":{"anyOf":[{"type":"string"},{"type":"null"}],"title":"Personal Email"},"role_id":{"anyOf":[{"type":"integer"},{"type":"null"}],"title":"Role Id"},"login_type_id":{"anyOf":[{"type":"integer"},{"type":"null"}],"title":"Login Type Id"},"mobile":{"anyOf":[{"type":"string"},{"type":"null"}],"title":"Mobile"},"affiliate_id":{"anyOf":[{"type":"integer"},{"type":"null"}],"title":"Affiliate Id"},"facebook":{"anyOf":[{"type":"string"},{"type":"null"}],"title":"Facebook"},"instagram":{"anyOf":[{"type":"string"},{"type":"null"}],"title":"Instagram"},"linkedin":{"anyOf":[{"type":"string"},{"type":"null"}],"title":"Linkedin"},"twitter":{"anyOf":[{"type":"string"},{"type":"null"}],"title":"Twitter"},"youtube":{"anyOf":[{"type":"string"},{"type":"null"}],"title":"Youtube"},"monitor":{"anyOf":[{"type":"boolean"},{"type":"null"}],"title":"Monitor","default":false},"remarks":{"anyOf":[{"type":"string"},{"type":"null"}],"title":"Remarks"},"currency_id":{"anyOf":[{"type":"integer"},{"type":"null"}],"title":"Currency Id"},"country_id":{"anyOf":[{"type":"integer"},{"type":"null"}],"title":"Country Id"},"is_student":{"anyOf":[{"type":"boolean"},{"type":"null"}],"title":"Is Student","default":false},"is_instructor":{"anyOf":[{"type":"boolean"},{"type":"null"}],"title":"Is Instructor","default":false},"created_by":{"type":"integer","title":"Created By"}},"type":"object","required":["display_name","created_by"],"title":"UserCreate","example":{"created_by":1,"display_name":"John Doe","first_name":"John","is_instructor":false,"is_student":true,"last_name":"Doe","login_type_id":6,"personal_email":"john.doe@example.com","role_id":2}},"UserRead":{"properties":{"display_name":{"type":"string","title":"Display Name"},"first_name":{"anyOf":[{"type":"string"},{"type":"null"}],"title":"First Name"},"last_name":{"anyOf":[{"type":"string"},{"type":"null"}],"title":"Last Name"},"work_email":{"anyOf":[{"type":"string"},{"type":"null"}],"title":"Work Email"},"personal_email":{"anyOf":[{"type":"string"},{"type":"null"}],"title":"Personal Email"},"role_id":{"anyOf":[{"type":"integer"},{"type":"null"}],"title":"Role Id"},"login_type_id":{"anyOf":[{"type":"integer"},{"type":"null"}],"title":"Login Type Id"},"mobile":{"anyOf":[{"type":"string"},{"type":"null"}],"title":"Mobile"},"affiliate_id":{"anyOf":[{"type":"integer"},{"type":"null"}],"title":"Affiliate Id"},"facebook":{"anyOf":[{"type":"string"},{"type":"null"}],"title":"Facebook"},"instagram":{"anyOf":[{"type":"string"},{"type":"null"}],"title":"Instagram"},"linkedin":{"anyOf":[{"type":"string"},{"type":"null"}],"title":"Linkedin"},"twitter":{"anyOf":[{"type":"string"},{"type":"null"}],"title":"Twitter"},"youtube":{"anyOf":[{"type":"string"},{"type":"null"}],"title":"Youtube"},"monitor":{"anyOf":[{"type":"boolean"},{"type":"null"}],"title":"Monitor","default":false},"remarks":{"anyOf":[{"type":"string"},{"type":"null"}],"title":"Remarks"},"currency_id":{"anyOf":[{"type":"integer"},{"type":"null"}],"title":"Currency Id"},"country_id":{"anyOf":[{"type":"integer"},{"type":"null"}],"title":"Country Id"},"is_student":{"anyOf":[{"type":"boolean"},{"type":"null"}],"title":"Is Student","default":false},"is_instructor":{"anyOf":[{"type":"boolean"},{"type":"null"}],"title":"Is Instructor","default":false},"id":{"type":"integer","title":"Id"},"image_base64":{"anyOf":[{"type":"string"},{"type":"null"}],"title":"Image Base64"},"created_at":{"type":"string","format":"date-time","title":"Created At"},"updated_at":{"type":"string","format":"date-time","title":"Updated At"},"active":{"type":"boolean","title":"Active"},"premium":{"type":"boolean","title":"Premium"},"created_by":{"type":"integer","title":"Created By"},"updated_by":{"type":"integer","title":"Updated By"}},"type":"object","required":["display_name","id","created_at","updated_at","active","premium","created_by","updated_by"],"title":"UserRead","example":{"active":true,"affiliate_id":1,"country_id":1,"created_at":"2024-02-14T12:00:00Z","created_by":1,"currency_id":1,"display_name":"John Doe","facebook":"https://facebook.com/johndoe","first_name":"John","id":123,"image_base64":"data:image/png;base64,iVBORw0KGgoAAAANSUhEUgAAAAEAAAABCAYAAAAfFcSJAAAADUlEQVR42mP8z8BQDwAEhQGAhKmMIQAAAABJRU5ErkJggg==","instagram":"https://instagram.com/johndoe","is_instructor":false,"is_student":true,"last_name":"Doe","linkedin":"https://linkedin.com/in/johndoe","login_type_id":6,"mobile":"+1234567890","monitor":false,"personal_email":"john.doe@example.com","premium":false,"remarks":"Some notes about the user","role_id":2,"twitter":"https://twitter.com/johndoe","updated_at":"2024-02-14T12:00:00Z","updated_by":1,"work_email":"john.doe@company.com","youtube":"https://youtube.com/c/johndoe"}},"UserUpdate":{"properties":{"display_name":{"anyOf":[{"type":"string"},{"type":"null"}],"title":"Display Name"},"first_name":{"anyOf":[{"type":"string"},{"type":"null"}],"title":"First Name"},"last_name":{"anyOf":[{"type":"string"},{"type":"null"}],"title":"Last Name"},"work_email":{"anyOf":[{"type":"string"},{"type":"null"}],"title":"Work Email"},"personal_email":{"anyOf":[{"type":"string"},{"type":"null"}],"title":"Personal Email"},"role_id":{"anyOf":[{"type":"integer"},{"type":"null"}],"title":"Role Id"},"login_type_id":{"anyOf":[{"type":"integer"},{"type":"null"}],"title":"Login Type Id"},"mobile":{"anyOf":[{"type":"string"},{"type":"null"}],"title":"Mobile"},"active":{"anyOf":[{"type":"boolean"},{"type":"null"}],"title":"Active"},"premium":{"anyOf":[{"type":"boolean"},{"type":"null"}],"title":"Premium"},"facebook":{"anyOf":[{"type":"string"},{"type":"null"}],"title":"Facebook"},"instagram":{"anyOf":[{"type":"string"},{"type":"null"}],"title":"Instagram"},"linkedin":{"anyOf":[{"type":"string"},{"type":"null"}],"title":"Linkedin"},"twitter":{"anyOf":[{"type":"string"},{"type":"null"}],"title":"Twitter"},"youtube":{"anyOf":[{"type":"string"},{"type":"null"}],"title":"Youtube"},"monitor":{"anyOf":[{"type":"boolean"},{"type":"null"}],"title":"Monitor"},"remarks":{"anyOf":[{"type":"string"},{"type":"null"}],"title":"Remarks"},"currency_id":{"anyOf":[{"type":"integer"},{"type":"null"}],"title":"Currency Id"},"country_id":{"anyOf":[{"type":"integer"},{"type":"null"}],"title":"Country Id"},"is_student":{"anyOf":[{"type":"boolean"},{"type":"null"}],"title":"Is Student"},"is_instructor":{"anyOf":[{"type":"boolean"},{"type":"null"}],"title":"Is Instructor"},"updated_by":{"type":"integer","title":"Updated By"}},"type":"object","required":["updated_by"],"title":"UserUpdate","example":{"active":true,"display_name":"John Doe Updated","first_name":"John","is_instructor":true,"is_student":true,"last_name":"Doe","mobile":"+1234567890","personal_email":"john.doe.updated@example.com","premium":true,"updated_by":1}},"ValidationError":{"properties":{"loc":{"items":{"anyOf":[{"type":"string"},{"type":"integer"}]},"type":"array","title":"Location"},"msg":{"type":"string","title":"Message"},"type":{"type":"string","title":"Error Type"}},"type":"object","required":["loc","msg","type"],"title":"ValidationError"}},"securitySchemes":{"OAuth2PasswordBearer":{"type":"oauth2","flows":{"password":{"scopes":{},"tokenUrl":"token"}}}}}}